Car,Price
2022 Ford Bronco ,"$32,895"
2022 Ford Bronco Black Diamond,"$39,678"
2022 Ford Bronco Black Diamond,"$39,427"
2021 Ford Bronco Big Bend,"$36,733"
2022 Ford Bronco Base,"$39,385"
2022 Ford Bronco Big Bend,"$37,380"
2022 Ford Bronco ,"$37,895"
2022 Ford Bronco ,"$35,080"
2022 Ford Bronco ,"$34,490"
2022 Ford Bronco Base,"$33,415"
2022 Ford Bronco Base,"$38,570"
2022 Ford Bronco ,"$34,490"
2022 Ford Bronco Base,"$33,494"
2022 Ford Bronco ,"$32,895"
2022 Ford Bronco ,"$34,490"
2022 Ford Bronco Base,"$38,785"
2022 Ford Bronco ,"$37,895"
2022 Ford Bronco ,"$37,895"
2022 Ford Bronco ,"$37,895"
2022 Ford Bronco Big Bend,"$39,815"
